MB_CODE_2021,MB_CATEGORY_2021,CHANGE_FLAG_2021,CHANGE_LABEL_2021,SA1_CODE_2021,SA2_CODE_2021,SA2_NAME_2021,SA3_CODE_2021,SA3_NAME_2021,SA4_CODE_2021,SA4_NAME_2021,GCCSA_CODE_2021,GCCSA_NAME_2021,STATE_CODE_2021,STATE_NAME_2021,AUS_CODE_2021,AUS_NAME_2021,AREA_ALBERS_SQKM,ASGS_LOCI_URI_2021,LGA_CODE_2023,LGA_NAME_2023,SAL_CODE_2021,SAL_NAME_2021,POA_CODE_2021,POA_NAME_2021
90000010000,Residential,0,No change,90103100301,901031003,Jervis Bay,90103,Jervis Bay,901,Other Territories,9OTER,Other Territories,9,Other Territories,AUS,Australia,2.1426,http://linked.data.gov.au/dataset/asgsed3/MB/90000010000,99399,Unincorp. Other Territories,90003,Jervis Bay,2540,2540
90000020000,Residential,0,No change,90103100302,901031003,Jervis Bay,90103,Jervis Bay,901,Other Territories,9OTER,Other Territories,9,Other Territories,AUS,Australia,4.3368,http://linked.data.gov.au/dataset/asgsed3/MB/90000020000,99399,Unincorp. Other Territories,90003,Jervis Bay,2540,2540
90000030000,Commercial,0,No change,90103100301,901031003,Jervis Bay,90103,Jervis Bay,901,Other Territories,9OTER,Other Territories,9,Other Territories,AUS,Australia,3.1419,http://linked.data.gov.au/dataset/asgsed3/MB/90000030000,99399,Unincorp. Other Territories,90003,Jervis Bay,2540,2540
90000040000,Parkland,0,No change,90103100304,901031003,Jervis Bay,90103,Jervis Bay,901,Other Territories,9OTER,Other Territories,9,Other Territories,AUS,Australia,28.8627,http://linked.data.gov.au/dataset/asgsed3/MB/90000040000,99399,Unincorp. Other Territories,90003,Jervis Bay,2540,2540
90000050000,Parkland,0,No change,90103100304,901031003,Jervis Bay,90103,Jervis Bay,901,Other Territories,9OTER,Other Territories,9,Other Territories,AUS,Australia,0.6141,http://linked.data.gov.au/dataset/asgsed3/MB/90000050000,99399,Unincorp. Other Territories,90003,Jervis Bay,2540,2540
90000060000,Parkland,0,No change,90103100304,901031003,Jervis Bay,90103,Jervis Bay,901,Other Territories,9OTER,Other Territories,9,Other Territories,AUS,Australia,0.0295,http://linked.data.gov.au/dataset/asgsed3/MB/90000060000,99399,Unincorp. Other Territories,90003,Jervis Bay,2540,2540
90000091000,Residential,0,No change,90103100301,901031003,Jervis Bay,90103,Jervis Bay,901,Other Territories,9OTER,Other Territories,9,Other Territories,AUS,Australia,0.4086,http://linked.data.gov.au/dataset/asgsed3/MB/90000091000,99399,Unincorp. Other Territories,90003,Jervis Bay,2540,2540
90000092000,Education,0,No change,90103100301,901031003,Jervis Bay,90103,Jervis Bay,901,Other Territories,9OTER,Other Territories,9,Other Territories,AUS,Australia,0.041,http://linked.data.gov.au/dataset/asgsed3/MB/90000092000,99399,Unincorp. Other Territories,90003,Jervis Bay,2540,2540
90000101000,Residential,0,No change,90101100102,901011001,Christmas Island,90101,Christmas Island,901,Other Territories,9OTER,Other Territories,9,Other Territories,AUS,Australia,127.4113,http://linked.data.gov.au/dataset/asgsed3/MB/90000101000,51710,Christmas Island,90001,Christmas Island,6798,6798
90000102000,Residential,0,No change,90101100103,901011001,Christmas Island,90101,Christmas Island,901,Other Territories,9OTER,Other Territories,9,Other Territories,AUS,Australia,5.7942,http://linked.data.gov.au/dataset/asgsed3/MB/90000102000,51710,Christmas Island,90001,Christmas Island,6798,6798
90000103000,Residential,0,No change,90101100101,901011001,Christmas Island,90101,Christmas Island,901,Other Territories,9OTER,Other Territories,9,Other Territories,AUS,Australia,0.858,http://linked.data.gov.au/dataset/asgsed3/MB/90000103000,51710,Christmas Island,90001,Christmas Island,6798,6798
90000111000,Residential,0,No change,90101100105,901011001,Christmas Island,90101,Christmas Island,901,Other Territories,9OTER,Other Territories,9,Other Territories,AUS,Australia,0.5985,http://linked.data.gov.au/dataset/asgsed3/MB/90000111000,51710,Christmas Island,90001,Christmas Island,6798,6798
90000112000,Residential,0,No change,90101100104,901011001,Christmas Island,90101,Christmas Island,901,Other Territories,9OTER,Other Territories,9,Other Territories,AUS,Australia,0.2232,http://linked.data.gov.au/dataset/asgsed3/MB/90000112000,51710,Christmas Island,90001,Christmas Island,6798,6798
90000113000,Parkland,0,No change,90101100104,901011001,Christmas Island,90101,Christmas Island,901,Other Territories,9OTER,Other Territories,9,Other Territories,AUS,Australia,0.6799,http://linked.data.gov.au/dataset/asgsed3/MB/90000113000,51710,Christmas Island,90001,Christmas Island,6798,6798
90000114000,Residential,0,No change,90101100105,901011001,Christmas Island,90101,Christmas Island,901,Other Territories,9OTER,Other Territories,9,Other Territories,AUS,Australia,0.2036,http://linked.data.gov.au/dataset/asgsed3/MB/90000114000,51710,Christmas Island,90001,Christmas Island,6798,6798
90000121000,Residential,0,No change,90101100103,901011001,Christmas Island,90101,Christmas Island,901,Other Territories,9OTER,Other Territories,9,Other Territories,AUS,Australia,0.0777,http://linked.data.gov.au/dataset/asgsed3/MB/90000121000,51710,Christmas Island,90001,Christmas Island,6798,6798
90000122000,Residential,0,No change,90101100104,901011001,Christmas Island,90101,Christmas Island,901,Other Territories,9OTER,Other Territories,9,Other Territories,AUS,Australia,0.0773,http://linked.data.gov.au/dataset/asgsed3/MB/90000122000,51710,Christmas Island,90001,Christmas Island,6798,6798
90000123000,Residential,0,No change,90101100103,901011001,Christmas Island,90101,Christmas Island,901,Other Territories,9OTER,Other Territories,9,Other Territories,AUS,Australia,0.2119,http://linked.data.gov.au/dataset/asgsed3/MB/90000123000,51710,Christmas Island,90001,Christmas Island,6798,6798
90000130000,Parkland,0,No change,90102100203,901021002,Cocos (Keeling) Islands,90102,Cocos (Keeling) Islands,901,Other Territories,9OTER,Other Territories,9,Other Territories,AUS,Australia,1.047,http://linked.data.gov.au/dataset/asgsed3/MB/90000130000,51860,Cocos Islands,90002,Home Island,6799,6799
90000150000,Parkland,0,No change,90102100202,901021002,Cocos (Keeling) Islands,90102,Cocos (Keeling) Islands,901,Other Territories,9OTER,Other Territories,9,Other Territories,AUS,Australia,0.0009,http://linked.data.gov.au/dataset/asgsed3/MB/90000150000,51860,Cocos Islands,90005,West Island,6799,6799
90000160000,Parkland,0,No change,90102100203,901021002,Cocos (Keeling) Islands,90102,Cocos (Keeling) Islands,901,Other Territories,9OTER,Other Territories,9,Other Territories,AUS,Australia,0.0017,http://linked.data.gov.au/dataset/asgsed3/MB/90000160000,51860,Cocos Islands,90002,Home Island,6799,6799
90000170000,Parkland,0,No change,90102100202,901021002,Cocos (Keeling) Islands,90102,Cocos (Keeling) Islands,901,Other Territories,9OTER,Other Territories,9,Other Territories,AUS,Australia,0.0004,http://linked.data.gov.au/dataset/asgsed3/MB/90000170000,51860,Cocos Islands,90005,West Island,6799,6799
90000180000,Residential,0,No change,90102100201,901021002,Cocos (Keeling) Islands,90102,Cocos (Keeling) Islands,901,Other Territories,9OTER,Other Territories,9,Other Territories,AUS,Australia,0.9021,http://linked.data.gov.au/dataset/asgsed3/MB/90000180000,51860,Cocos Islands,90002,Home Island,6799,6799
90000190000,Parkland,0,No change,90102100202,901021002,Cocos (Keeling) Islands,90102,Cocos (Keeling) Islands,901,Other Territories,9OTER,Other Territories,9,Other Territories,AUS,Australia,0.0007,http://linked.data.gov.au/dataset/asgsed3/MB/90000190000,51860,Cocos Islands,90005,West Island,6799,6799
90000200000,Parkland,0,No change,90102100203,901021002,Cocos (Keeling) Islands,90102,Cocos (Keeling) Islands,901,Other Territories,9OTER,Other Territories,9,Other Territories,AUS,Australia,0.0012,http://linked.data.gov.au/dataset/asgsed3/MB/90000200000,51860,Cocos Islands,90002,Home Island,6799,6799
90000210000,Parkland,0,No change,90102100202,901021002,Cocos (Keeling) Islands,90102,Cocos (Keeling) Islands,901,Other Territories,9OTER,Other Territories,9,Other Territories,AUS,Australia,0.0604,http://linked.data.gov.au/dataset/asgsed3/MB/90000210000,51860,Cocos Islands,90005,West Island,6799,6799
90000220000,Parkland,0,No change,90102100203,901021002,Cocos (Keeling) Islands,90102,Cocos (Keeling) Islands,901,Other Territories,9OTER,Other Territories,9,Other Territories,AUS,Australia,0.0008,http://linked.data.gov.au/dataset/asgsed3/MB/90000220000,51860,Cocos Islands,90002,Home Island,6799,6799
90000230000,Parkland,0,No change,90102100203,901021002,Cocos (Keeling) Islands,90102,Cocos (Keeling) Islands,901,Other Territories,9OTER,Other Territories,9,Other Territories,AUS,Australia,0.0172,http://linked.data.gov.au/dataset/asgsed3/MB/90000230000,51860,Cocos Islands,90002,Home Island,6799,6799
90000240000,Parkland,0,No change,90102100203,901021002,Cocos (Keeling) Islands,90102,Cocos (Keeling) Islands,901,Other Territories,9OTER,Other Territories,9,Other Territories,AUS,Australia,0.0113,http://linked.data.gov.au/dataset/asgsed3/MB/90000240000,51860,Cocos Islands,90002,Home Island,6799,6799
90000250000,Parkland,0,No change,90102100203,901021002,Cocos (Keeling) Islands,90102,Cocos (Keeling) Islands,901,Other Territories,9OTER,Other Territories,9,Other Territories,AUS,Australia,0.0356,http://linked.data.gov.au/dataset/asgsed3/MB/90000250000,51860,Cocos Islands,90002,Home Island,6799,6799
90000260000,Parkland,0,No change,90102100203,901021002,Cocos (Keeling) Islands,90102,Cocos (Keeling) Islands,901,Other Territories,9OTER,Other Territories,9,Other Territories,AUS,Australia,0.0003,http://linked.data.gov.au/dataset/asgsed3/MB/90000260000,51860,Cocos Islands,90002,Home Island,6799,6799
90000270000,Parkland,0,No change,90102100203,901021002,Cocos (Keeling) Islands,90102,Cocos (Keeling) Islands,901,Other Territories,9OTER,Other Territories,9,Other Territories,AUS,Australia,0.0033,http://linked.data.gov.au/dataset/asgsed3/MB/90000270000,51860,Cocos Islands,90002,Home Island,6799,6799
90000280000,Parkland,0,No change,90102100203,901021002,Cocos (Keeling) Islands,90102,Cocos (Keeling) Islands,901,Other Territories,9OTER,Other Territories,9,Other Territories,AUS,Australia,0.0599,http://linked.data.gov.au/dataset/asgsed3/MB/90000280000,51860,Cocos Islands,90002,Home Island,6799,6799
90000290000,Parkland,0,No change,90102100203,901021002,Cocos (Keeling) Islands,90102,Cocos (Keeling) Islands,901,Other Territories,9OTER,Other Territories,9,Other Territories,AUS,Australia,0.0026,http://linked.data.gov.au/dataset/asgsed3/MB/90000290000,51860,Cocos Islands,90002,Home Island,6799,6799
90000300000,Parkland,0,No change,90102100202,901021002,Cocos (Keeling) Islands,90102,Cocos (Keeling) Islands,901,Other Territories,9OTER,Other Territories,9,Other Territories,AUS,Australia,0.0001,http://linked.data.gov.au/dataset/asgsed3/MB/90000300000,51860,Cocos Islands,90005,West Island,6799,6799
90000310000,Parkland,0,No change,90102100203,901021002,Cocos (Keeling) Islands,90102,Cocos (Keeling) Islands,901,Other Territories,9OTER,Other Territories,9,Other Territories,AUS,Australia,0.0007,http://linked.data.gov.au/dataset/asgsed3/MB/90000310000,51860,Cocos Islands,90002,Home Island,6799,6799
90000320000,Parkland,0,No change,90102100202,901021002,Cocos (Keeling) Islands,90102,Cocos (Keeling) Islands,901,Other Territories,9OTER,Other Territories,9,Other Territories,AUS,Australia,0.0036,http://linked.data.gov.au/dataset/asgsed3/MB/90000320000,51860,Cocos Islands,90005,West Island,6799,6799
90000330000,Parkland,0,No change,90102100203,901021002,Cocos (Keeling) Islands,90102,Cocos (Keeling) Islands,901,Other Territories,9OTER,Other Territories,9,Other Territories,AUS,Australia,0.1001,http://linked.data.gov.au/dataset/asgsed3/MB/90000330000,51860,Cocos Islands,90002,Home Island,6799,6799
90000340000,Parkland,0,No change,90102100202,901021002,Cocos (Keeling) Islands,90102,Cocos (Keeling) Islands,901,Other Territories,9OTER,Other Territories,9,Other Territories,AUS,Australia,0.0141,http://linked.data.gov.au/dataset/asgsed3/MB/90000340000,51860,Cocos Islands,90005,West Island,6799,6799
90000350000,Parkland,0,No change,90102100203,901021002,Cocos (Keeling) Islands,90102,Cocos (Keeling) Islands,901,Other Territories,9OTER,Other Territories,9,Other Territories,AUS,Australia,0.0024,http://linked.data.gov.au/dataset/asgsed3/MB/90000350000,51860,Cocos Islands,90002,Home Island,6799,6799
90000360000,Parkland,0,No change,90102100202,901021002,Cocos (Keeling) Islands,90102,Cocos (Keeling) Islands,901,Other Territories,9OTER,Other Territories,9,Other Territories,AUS,Australia,0.004,http://linked.data.gov.au/dataset/asgsed3/MB/90000360000,51860,Cocos Islands,90005,West Island,6799,6799
90000370000,Parkland,0,No change,90102100203,901021002,Cocos (Keeling) Islands,90102,Cocos (Keeling) Islands,901,Other Territories,9OTER,Other Territories,9,Other Territories,AUS,Australia,0.002,http://linked.data.gov.au/dataset/asgsed3/MB/90000370000,51860,Cocos Islands,90002,Home Island,6799,6799
90000380000,Parkland,0,No change,90102100202,901021002,Cocos (Keeling) Islands,90102,Cocos (Keeling) Islands,901,Other Territories,9OTER,Other Territories,9,Other Territories,AUS,Australia,0.001,http://linked.data.gov.au/dataset/asgsed3/MB/90000380000,51860,Cocos Islands,90005,West Island,6799,6799
90000390000,Parkland,0,No change,90102100203,901021002,Cocos (Keeling) Islands,90102,Cocos (Keeling) Islands,901,Other Territories,9OTER,Other Territories,9,Other Territories,AUS,Australia,0.1921,http://linked.data.gov.au/dataset/asgsed3/MB/90000390000,51860,Cocos Islands,90002,Home Island,6799,6799
90000400000,Parkland,0,No change,90102100202,901021002,Cocos (Keeling) Islands,90102,Cocos (Keeling) Islands,901,Other Territories,9OTER,Other Territories,9,Other Territories,AUS,Australia,0.0023,http://linked.data.gov.au/dataset/asgsed3/MB/90000400000,51860,Cocos Islands,90005,West Island,6799,6799
90000410000,Parkland,0,No change,90102100203,901021002,Cocos (Keeling) Islands,90102,Cocos (Keeling) Islands,901,Other Territories,9OTER,Other Territories,9,Other Territories,AUS,Australia,0.0011,http://linked.data.gov.au/dataset/asgsed3/MB/90000410000,51860,Cocos Islands,90002,Home Island,6799,6799
90000420000,Parkland,0,No change,90102100202,901021002,Cocos (Keeling) Islands,90102,Cocos (Keeling) Islands,901,Other Territories,9OTER,Other Territories,9,Other Territories,AUS,Australia,0.0027,http://linked.data.gov.au/dataset/asgsed3/MB/90000420000,51860,Cocos Islands,90005,West Island,6799,6799
90000430000,Parkland,0,No change,90102100203,901021002,Cocos (Keeling) Islands,90102,Cocos (Keeling) Islands,901,Other Territories,9OTER,Other Territories,9,Other Territories,AUS,Australia,0.0431,http://linked.data.gov.au/dataset/asgsed3/MB/90000430000,51860,Cocos Islands,90002,Home Island,6799,6799
90000440000,Parkland,0,No change,90102100203,901021002,Cocos (Keeling) Islands,90102,Cocos (Keeling) Islands,901,Other Territories,9OTER,Other Territories,9,Other Territories,AUS,Australia,0.0035,http://linked.data.gov.au/dataset/asgsed3/MB/90000440000,51860,Cocos Islands,90002,Home Island,6799,6799
90000450000,Parkland,0,No change,90102100203,901021002,Cocos (Keeling) Islands,90102,Cocos (Keeling) Islands,901,Other Territories,9OTER,Other Territories,9,Other Territories,AUS,Australia,0.002,http://linked.data.gov.au/dataset/asgsed3/MB/90000450000,51860,Cocos Islands,90002,Home Island,6799,6799
90000460000,Parkland,0,No change,90102100203,901021002,Cocos (Keeling) Islands,90102,Cocos (Keeling) Islands,901,Other Territories,9OTER,Other Territories,9,Other Territories,AUS,Australia,0.0024,http://linked.data.gov.au/dataset/asgsed3/MB/90000460000,51860,Cocos Islands,90002,Home Island,6799,6799
90000470000,Parkland,0,No change,90102100203,901021002,Cocos (Keeling) Islands,90102,Cocos (Keeling) Islands,901,Other Territories,9OTER,Other Territories,9,Other Territories,AUS,Australia,0.0206,http://linked.data.gov.au/dataset/asgsed3/MB/90000470000,51860,Cocos Islands,90002,Home Island,6799,6799
90000480000,Parkland,0,No change,90102100203,901021002,Cocos (Keeling) Islands,90102,Cocos (Keeling) Islands,901,Other Territories,9OTER,Other Territories,9,Other Territories,AUS,Australia,0.1946,http://linked.data.gov.au/dataset/asgsed3/MB/90000480000,51860,Cocos Islands,90002,Home Island,6799,6799
90000490000,Parkland,0,No change,90102100202,901021002,Cocos (Keeling) Islands,90102,Cocos (Keeling) Islands,901,Other Territories,9OTER,Other Territories,9,Other Territories,AUS,Australia,0.0099,http://linked.data.gov.au/dataset/asgsed3/MB/90000490000,51860,Cocos Islands,90005,West Island,6799,6799
90000500000,Parkland,0,No change,90102100203,901021002,Cocos (Keeling) Islands,90102,Cocos (Keeling) Islands,901,Other Territories,9OTER,Other Territories,9,Other Territories,AUS,Australia,0.0017,http://linked.data.gov.au/dataset/asgsed3/MB/90000500000,51860,Cocos Islands,90002,Home Island,6799,6799
90000510000,Parkland,0,No change,90102100202,901021002,Cocos (Keeling) Islands,90102,Cocos (Keeling) Islands,901,Other Territories,9OTER,Other Territories,9,Other Territories,AUS,Australia,0.0069,http://linked.data.gov.au/dataset/asgsed3/MB/90000510000,51860,Cocos Islands,90005,West Island,6799,6799
90000520000,Parkland,0,No change,90102100203,901021002,Cocos (Keeling) Islands,90102,Cocos (Keeling) Islands,901,Other Territories,9OTER,Other Territories,9,Other Territories,AUS,Australia,1.1676,http://linked.data.gov.au/dataset/asgsed3/MB/90000520000,51860,Cocos Islands,90002,Home Island,6799,6799
90000530000,Parkland,0,No change,90102100203,901021002,Cocos (Keeling) Islands,90102,Cocos (Keeling) Islands,901,Other Territories,9OTER,Other Territories,9,Other Territories,AUS,Australia,0.0161,http://linked.data.gov.au/dataset/asgsed3/MB/90000530000,51860,Cocos Islands,90002,Home Island,6799,6799
90000540000,Parkland,0,No change,90102100203,901021002,Cocos (Keeling) Islands,90102,Cocos (Keeling) Islands,901,Other Territories,9OTER,Other Territories,9,Other Territories,AUS,Australia,0.003,http://linked.data.gov.au/dataset/asgsed3/MB/90000540000,51860,Cocos Islands,90002,Home Island,6799,6799
90000550000,Parkland,0,No change,90102100203,901021002,Cocos (Keeling) Islands,90102,Cocos (Keeling) Islands,901,Other Territories,9OTER,Other Territories,9,Other Territories,AUS,Australia,0.002,http://linked.data.gov.au/dataset/asgsed3/MB/90000550000,51860,Cocos Islands,90002,Home Island,6799,6799
90000560000,Parkland,0,No change,90102100203,901021002,Cocos (Keeling) Islands,90102,Cocos (Keeling) Islands,901,Other Territories,9OTER,Other Territories,9,Other Territories,AUS,Australia,0.0029,http://linked.data.gov.au/dataset/asgsed3/MB/90000560000,51860,Cocos Islands,90002,Home Island,6799,6799
90000570000,Residential,0,No change,90102100202,901021002,Cocos (Keeling) Islands,90102,Cocos (Keeling) Islands,901,Other Territories,9OTER,Other Territories,9,Other Territories,AUS,Australia,5.8064,http://linked.data.gov.au/dataset/asgsed3/MB/90000570000,51860,Cocos Islands,90005,West Island,6799,6799
90000580000,Parkland,0,No change,90102100203,901021002,Cocos (Keeling) Islands,90102,Cocos (Keeling) Islands,901,Other Territories,9OTER,Other Territories,9,Other Territories,AUS,Australia,0.0055,http://linked.data.gov.au/dataset/asgsed3/MB/90000580000,51860,Cocos Islands,90002,Home Island,6799,6799
90000590000,Parkland,0,No change,90102100203,901021002,Cocos (Keeling) Islands,90102,Cocos (Keeling) Islands,901,Other Territories,9OTER,Other Territories,9,Other Territories,AUS,Australia,0.0016,http://linked.data.gov.au/dataset/asgsed3/MB/90000590000,51860,Cocos Islands,90002,Home Island,6799,6799
90000600000,Parkland,0,No change,90102100203,901021002,Cocos (Keeling) Islands,90102,Cocos (Keeling) Islands,901,Other Territories,9OTER,Other Territories,9,Other Territories,AUS,Australia,0.0023,http://linked.data.gov.au/dataset/asgsed3/MB/90000600000,51860,Cocos Islands,90002,Home Island,6799,6799
90000610000,Parkland,0,No change,90102100202,901021002,Cocos (Keeling) Islands,90102,Cocos (Keeling) Islands,901,Other Territories,9OTER,Other Territories,9,Other Territories,AUS,Australia,0.0142,http://linked.data.gov.au/dataset/asgsed3/MB/90000610000,51860,Cocos Islands,90005,West Island,6799,6799
90000620000,Parkland,0,No change,90102100201,901021002,Cocos (Keeling) Islands,90102,Cocos (Keeling) Islands,901,Other Territories,9OTER,Other Territories,9,Other Territories,AUS,Australia,0.0011,http://linked.data.gov.au/dataset/asgsed3/MB/90000620000,51860,Cocos Islands,90002,Home Island,6799,6799
90000630000,Parkland,0,No change,90102100203,901021002,Cocos (Keeling) Islands,90102,Cocos (Keeling) Islands,901,Other Territories,9OTER,Other Territories,9,Other Territories,AUS,Australia,0.3196,http://linked.data.gov.au/dataset/asgsed3/MB/90000630000,51860,Cocos Islands,90002,Home Island,6799,6799
90000640000,Parkland,0,No change,90102100203,901021002,Cocos (Keeling) Islands,90102,Cocos (Keeling) Islands,901,Other Territories,9OTER,Other Territories,9,Other Territories,AUS,Australia,0.0017,http://linked.data.gov.au/dataset/asgsed3/MB/90000640000,51860,Cocos Islands,90002,Home Island,6799,6799
90000650000,Parkland,0,No change,90102100203,901021002,Cocos (Keeling) Islands,90102,Cocos (Keeling) Islands,901,Other Territories,9OTER,Other Territories,9,Other Territories,AUS,Australia,0.0296,http://linked.data.gov.au/dataset/asgsed3/MB/90000650000,51860,Cocos Islands,90002,Home Island,6799,6799
90000660000,Parkland,0,No change,90102100203,901021002,Cocos (Keeling) Islands,90102,Cocos (Keeling) Islands,901,Other Territories,9OTER,Other Territories,9,Other Territories,AUS,Australia,3.5612,http://linked.data.gov.au/dataset/asgsed3/MB/90000660000,51860,Cocos Islands,90002,Home Island,6799,6799
90000670000,Parkland,0,No change,90102100203,901021002,Cocos (Keeling) Islands,90102,Cocos (Keeling) Islands,901,Other Territories,9OTER,Other Territories,9,Other Territories,AUS,Australia,0.0204,http://linked.data.gov.au/dataset/asgsed3/MB/90000670000,51860,Cocos Islands,90002,Home Island,6799,6799
90000680000,Parkland,0,No change,90102100203,901021002,Cocos (Keeling) Islands,90102,Cocos (Keeling) Islands,901,Other Territories,9OTER,Other Territories,9,Other Territories,AUS,Australia,0.0067,http://linked.data.gov.au/dataset/asgsed3/MB/90000680000,51860,Cocos Islands,90002,Home Island,6799,6799
90000690000,Parkland,0,No change,90102100203,901021002,Cocos (Keeling) Islands,90102,Cocos (Keeling) Islands,901,Other Territories,9OTER,Other Territories,9,Other Territories,AUS,Australia,0.0076,http://linked.data.gov.au/dataset/asgsed3/MB/90000690000,51860,Cocos Islands,90002,Home Island,6799,6799
90000700100,Residential,0,No change,90104100407,901041004,Norfolk Island,90104,Norfolk Island,901,Other Territories,9OTER,Other Territories,9,Other Territories,AUS,Australia,2.3866,http://linked.data.gov.au/dataset/asgsed3/MB/90000700100,99399,Unincorp. Other Territories,90004,Norfolk Island,2899,2899
90000700200,Residential,0,No change,90104100403,901041004,Norfolk Island,90104,Norfolk Island,901,Other Territories,9OTER,Other Territories,9,Other Territories,AUS,Australia,1.519,http://linked.data.gov.au/dataset/asgsed3/MB/90000700200,99399,Unincorp. Other Territories,90004,Norfolk Island,2899,2899
90000700300,Residential,0,No change,90104100401,901041004,Norfolk Island,90104,Norfolk Island,901,Other Territories,9OTER,Other Territories,9,Other Territories,AUS,Australia,0.6983,http://linked.data.gov.au/dataset/asgsed3/MB/90000700300,99399,Unincorp. Other Territories,90004,Norfolk Island,2899,2899
90000701000,Residential,0,No change,90104100402,901041004,Norfolk Island,90104,Norfolk Island,901,Other Territories,9OTER,Other Territories,9,Other Territories,AUS,Australia,0.5546,http://linked.data.gov.au/dataset/asgsed3/MB/90000701000,99399,Unincorp. Other Territories,90004,Norfolk Island,2899,2899
90000701100,Parkland,0,No change,90104100406,901041004,Norfolk Island,90104,Norfolk Island,901,Other Territories,9OTER,Other Territories,9,Other Territories,AUS,Australia,4.9152,http://linked.data.gov.au/dataset/asgsed3/MB/90000701100,99399,Unincorp. Other Territories,90004,Norfolk Island,2899,2899
90000701200,Residential,0,No change,90104100403,901041004,Norfolk Island,90104,Norfolk Island,901,Other Territories,9OTER,Other Territories,9,Other Territories,AUS,Australia,0.6947,http://linked.data.gov.au/dataset/asgsed3/MB/90000701200,99399,Unincorp. Other Territories,90004,Norfolk Island,2899,2899
90000701300,Residential,0,No change,90104100401,901041004,Norfolk Island,90104,Norfolk Island,901,Other Territories,9OTER,Other Territories,9,Other Territories,AUS,Australia,1.1902,http://linked.data.gov.au/dataset/asgsed3/MB/90000701300,99399,Unincorp. Other Territories,90004,Norfolk Island,2899,2899
90000702000,Residential,0,No change,90104100403,901041004,Norfolk Island,90104,Norfolk Island,901,Other Territories,9OTER,Other Territories,9,Other Territories,AUS,Australia,0.8364,http://linked.data.gov.au/dataset/asgsed3/MB/90000702000,99399,Unincorp. Other Territories,90004,Norfolk Island,2899,2899
90000702200,Residential,0,No change,90104100407,901041004,Norfolk Island,90104,Norfolk Island,901,Other Territories,9OTER,Other Territories,9,Other Territories,AUS,Australia,2.5094,http://linked.data.gov.au/dataset/asgsed3/MB/90000702200,99399,Unincorp. Other Territories,90004,Norfolk Island,2899,2899
90000702300,Residential,0,No change,90104100401,901041004,Norfolk Island,90104,Norfolk Island,901,Other Territories,9OTER,Other Territories,9,Other Territories,AUS,Australia,0.7282,http://linked.data.gov.au/dataset/asgsed3/MB/90000702300,99399,Unincorp. Other Territories,90004,Norfolk Island,2899,2899
90000703000,Parkland,0,No change,90104100408,901041004,Norfolk Island,90104,Norfolk Island,901,Other Territories,9OTER,Other Territories,9,Other Territories,AUS,Australia,2.2756,http://linked.data.gov.au/dataset/asgsed3/MB/90000703000,99399,Unincorp. Other Territories,90004,Norfolk Island,2899,2899
90000703100,Residential,0,No change,90104100407,901041004,Norfolk Island,90104,Norfolk Island,901,Other Territories,9OTER,Other Territories,9,Other Territories,AUS,Australia,3.4463,http://linked.data.gov.au/dataset/asgsed3/MB/90000703100,99399,Unincorp. Other Territories,90004,Norfolk Island,2899,2899
90000703200,Residential,0,No change,90104100402,901041004,Norfolk Island,90104,Norfolk Island,901,Other Territories,9OTER,Other Territories,9,Other Territories,AUS,Australia,0.5887,http://linked.data.gov.au/dataset/asgsed3/MB/90000703200,99399,Unincorp. Other Territories,90004,Norfolk Island,2899,2899
90000703300,Residential,0,No change,90104100403,901041004,Norfolk Island,90104,Norfolk Island,901,Other Territories,9OTER,Other Territories,9,Other Territories,AUS,Australia,0.8886,http://linked.data.gov.au/dataset/asgsed3/MB/90000703300,99399,Unincorp. Other Territories,90004,Norfolk Island,2899,2899
90000704000,Parkland,0,No change,90104100408,901041004,Norfolk Island,90104,Norfolk Island,901,Other Territories,9OTER,Other Territories,9,Other Territories,AUS,Australia,0.0803,http://linked.data.gov.au/dataset/asgsed3/MB/90000704000,99399,Unincorp. Other Territories,90004,Norfolk Island,2899,2899
90000704100,Transport,0,No change,90104100405,901041004,Norfolk Island,90104,Norfolk Island,901,Other Territories,9OTER,Other Territories,9,Other Territories,AUS,Australia,1.2368,http://linked.data.gov.au/dataset/asgsed3/MB/90000704100,99399,Unincorp. Other Territories,90004,Norfolk Island,2899,2899
90000704200,Residential,0,No change,90104100404,901041004,Norfolk Island,90104,Norfolk Island,901,Other Territories,9OTER,Other Territories,9,Other Territories,AUS,Australia,0.4338,http://linked.data.gov.au/dataset/asgsed3/MB/90000704200,99399,Unincorp. Other Territories,90004,Norfolk Island,2899,2899
90000704300,Residential,0,No change,90104100403,901041004,Norfolk Island,90104,Norfolk Island,901,Other Territories,9OTER,Other Territories,9,Other Territories,AUS,Australia,1.3676,http://linked.data.gov.au/dataset/asgsed3/MB/90000704300,99399,Unincorp. Other Territories,90004,Norfolk Island,2899,2899
90000705000,Parkland,0,No change,90104100406,901041004,Norfolk Island,90104,Norfolk Island,901,Other Territories,9OTER,Other Territories,9,Other Territories,AUS,Australia,0.0164,http://linked.data.gov.au/dataset/asgsed3/MB/90000705000,99399,Unincorp. Other Territories,90004,Norfolk Island,2899,2899
90000705100,Residential,0,No change,90104100401,901041004,Norfolk Island,90104,Norfolk Island,901,Other Territories,9OTER,Other Territories,9,Other Territories,AUS,Australia,0.7769,http://linked.data.gov.au/dataset/asgsed3/MB/90000705100,99399,Unincorp. Other Territories,90004,Norfolk Island,2899,2899
90000705200,Education,0,No change,90104100402,901041004,Norfolk Island,90104,Norfolk Island,901,Other Territories,9OTER,Other Territories,9,Other Territories,AUS,Australia,0.0255,http://linked.data.gov.au/dataset/asgsed3/MB/90000705200,99399,Unincorp. Other Territories,90004,Norfolk Island,2899,2899
90000705300,Residential,0,No change,90104100404,901041004,Norfolk Island,90104,Norfolk Island,901,Other Territories,9OTER,Other Territories,9,Other Territories,AUS,Australia,0.3564,http://linked.data.gov.au/dataset/asgsed3/MB/90000705300,99399,Unincorp. Other Territories,90004,Norfolk Island,2899,2899
90000706000,Parkland,0,No change,90104100406,901041004,Norfolk Island,90104,Norfolk Island,901,Other Territories,9OTER,Other Territories,9,Other Territories,AUS,Australia,0.0113,http://linked.data.gov.au/dataset/asgsed3/MB/90000706000,99399,Unincorp. Other Territories,90004,Norfolk Island,2899,2899
90000706100,Residential,0,No change,90104100404,901041004,Norfolk Island,90104,Norfolk Island,901,Other Territories,9OTER,Other Territories,9,Other Territories,AUS,Australia,2.8439,http://linked.data.gov.au/dataset/asgsed3/MB/90000706100,99399,Unincorp. Other Territories,90004,Norfolk Island,2899,2899
90000706200,Residential,0,No change,90104100402,901041004,Norfolk Island,90104,Norfolk Island,901,Other Territories,9OTER,Other Territories,9,Other Territories,AUS,Australia,1.354,http://linked.data.gov.au/dataset/asgsed3/MB/90000706200,99399,Unincorp. Other Territories,90004,Norfolk Island,2899,2899
90000706300,Residential,0,No change,90104100403,901041004,Norfolk Island,90104,Norfolk Island,901,Other Territories,9OTER,Other Territories,9,Other Territories,AUS,Australia,0.7051,http://linked.data.gov.au/dataset/asgsed3/MB/90000706300,99399,Unincorp. Other Territories,90004,Norfolk Island,2899,2899
90000707000,Parkland,0,No change,90104100408,901041004,Norfolk Island,90104,Norfolk Island,901,Other Territories,9OTER,Other Territories,9,Other Territories,AUS,Australia,0.0094,http://linked.data.gov.au/dataset/asgsed3/MB/90000707000,99399,Unincorp. Other Territories,90004,Norfolk Island,2899,2899
90000707100,Residential,0,No change,90104100404,901041004,Norfolk Island,90104,Norfolk Island,901,Other Territories,9OTER,Other Territories,9,Other Territories,AUS,Australia,0.7902,http://linked.data.gov.au/dataset/asgsed3/MB/90000707100,99399,Unincorp. Other Territories,90004,Norfolk Island,2899,2899
90000707200,Residential,0,No change,90104100402,901041004,Norfolk Island,90104,Norfolk Island,901,Other Territories,9OTER,Other Territories,9,Other Territories,AUS,Australia,0.4695,http://linked.data.gov.au/dataset/asgsed3/MB/90000707200,99399,Unincorp. Other Territories,90004,Norfolk Island,2899,2899
90000707300,Residential,0,No change,90104100404,901041004,Norfolk Island,90104,Norfolk Island,901,Other Territories,9OTER,Other Territories,9,Other Territories,AUS,Australia,0.4363,http://linked.data.gov.au/dataset/asgsed3/MB/90000707300,99399,Unincorp. Other Territories,90004,Norfolk Island,2899,2899
90000708000,Parkland,0,No change,90104100408,901041004,Norfolk Island,90104,Norfolk Island,901,Other Territories,9OTER,Other Territories,9,Other Territories,AUS,Australia,0.0085,http://linked.data.gov.au/dataset/asgsed3/MB/90000708000,99399,Unincorp. Other Territories,90004,Norfolk Island,2899,2899
90000708100,Residential,0,No change,90104100407,901041004,Norfolk Island,90104,Norfolk Island,901,Other Territories,9OTER,Other Territories,9,Other Territories,AUS,Australia,2.2211,http://linked.data.gov.au/dataset/asgsed3/MB/90000708100,99399,Unincorp. Other Territories,90004,Norfolk Island,2899,2899
90000708200,Residential,0,No change,90104100401,901041004,Norfolk Island,90104,Norfolk Island,901,Other Territories,9OTER,Other Territories,9,Other Territories,AUS,Australia,2.1957,http://linked.data.gov.au/dataset/asgsed3/MB/90000708200,99399,Unincorp. Other Territories,90004,Norfolk Island,2899,2899
90000709000,Parkland,0,No change,90104100403,901041004,Norfolk Island,90104,Norfolk Island,901,Other Territories,9OTER,Other Territories,9,Other Territories,AUS,Australia,0.0079,http://linked.data.gov.au/dataset/asgsed3/MB/90000709000,99399,Unincorp. Other Territories,90004,Norfolk Island,2899,2899
90000710000,Parkland,0,No change,90104100407,901041004,Norfolk Island,90104,Norfolk Island,901,Other Territories,9OTER,Other Territories,9,Other Territories,AUS,Australia,0.0061,http://linked.data.gov.au/dataset/asgsed3/MB/90000710000,99399,Unincorp. Other Territories,90004,Norfolk Island,2899,2899
90000711000,Parkland,0,No change,90104100407,901041004,Norfolk Island,90104,Norfolk Island,901,Other Territories,9OTER,Other Territories,9,Other Territories,AUS,Australia,0.0054,http://linked.data.gov.au/dataset/asgsed3/MB/90000711000,99399,Unincorp. Other Territories,90004,Norfolk Island,2899,2899
90000712000,Parkland,0,No change,90104100406,901041004,Norfolk Island,90104,Norfolk Island,901,Other Territories,9OTER,Other Territories,9,Other Territories,AUS,Australia,0.0053,http://linked.data.gov.au/dataset/asgsed3/MB/90000712000,99399,Unincorp. Other Territories,90004,Norfolk Island,2899,2899
90000713000,Parkland,0,No change,90104100407,901041004,Norfolk Island,90104,Norfolk Island,901,Other Territories,9OTER,Other Territories,9,Other Territories,AUS,Australia,0.0053,http://linked.data.gov.au/dataset/asgsed3/MB/90000713000,99399,Unincorp. Other Territories,90004,Norfolk Island,2899,2899
90000714000,Parkland,0,No change,90104100403,901041004,Norfolk Island,90104,Norfolk Island,901,Other Territories,9OTER,Other Territories,9,Other Territories,AUS,Australia,0.005,http://linked.data.gov.au/dataset/asgsed3/MB/90000714000,99399,Unincorp. Other Territories,90004,Norfolk Island,2899,2899
90000715000,Parkland,0,No change,90104100408,901041004,Norfolk Island,90104,Norfolk Island,901,Other Territories,9OTER,Other Territories,9,Other Territories,AUS,Australia,0.0047,http://linked.data.gov.au/dataset/asgsed3/MB/90000715000,99399,Unincorp. Other Territories,90004,Norfolk Island,2899,2899
90000716000,Parkland,0,No change,90104100407,901041004,Norfolk Island,90104,Norfolk Island,901,Other Territories,9OTER,Other Territories,9,Other Territories,AUS,Australia,0.0041,http://linked.data.gov.au/dataset/asgsed3/MB/90000716000,99399,Unincorp. Other Territories,90004,Norfolk Island,2899,2899
90000717000,Parkland,0,No change,90104100407,901041004,Norfolk Island,90104,Norfolk Island,901,Other Territories,9OTER,Other Territories,9,Other Territories,AUS,Australia,0.0037,http://linked.data.gov.au/dataset/asgsed3/MB/90000717000,99399,Unincorp. Other Territories,90004,Norfolk Island,2899,2899
90000718000,Parkland,0,No change,90104100407,901041004,Norfolk Island,90104,Norfolk Island,901,Other Territories,9OTER,Other Territories,9,Other Territories,AUS,Australia,0.0034,http://linked.data.gov.au/dataset/asgsed3/MB/90000718000,99399,Unincorp. Other Territories,90004,Norfolk Island,2899,2899
90000719000,Parkland,0,No change,90104100401,901041004,Norfolk Island,90104,Norfolk Island,901,Other Territories,9OTER,Other Territories,9,Other Territories,AUS,Australia,0.0033,http://linked.data.gov.au/dataset/asgsed3/MB/90000719000,99399,Unincorp. Other Territories,90004,Norfolk Island,2899,2899
90000720000,Parkland,0,No change,90104100406,901041004,Norfolk Island,90104,Norfolk Island,901,Other Territories,9OTER,Other Territories,9,Other Territories,AUS,Australia,0.0032,http://linked.data.gov.au/dataset/asgsed3/MB/90000720000,99399,Unincorp. Other Territories,90004,Norfolk Island,2899,2899
90000721000,Parkland,0,No change,90104100407,901041004,Norfolk Island,90104,Norfolk Island,901,Other Territories,9OTER,Other Territories,9,Other Territories,AUS,Australia,0.0031,http://linked.data.gov.au/dataset/asgsed3/MB/90000721000,99399,Unincorp. Other Territories,90004,Norfolk Island,2899,2899
90000722000,Parkland,0,No change,90104100401,901041004,Norfolk Island,90104,Norfolk Island,901,Other Territories,9OTER,Other Territories,9,Other Territories,AUS,Australia,0.003,http://linked.data.gov.au/dataset/asgsed3/MB/90000722000,99399,Unincorp. Other Territories,90004,Norfolk Island,2899,2899
90000723000,Parkland,0,No change,90104100401,901041004,Norfolk Island,90104,Norfolk Island,901,Other Territories,9OTER,Other Territories,9,Other Territories,AUS,Australia,0.0026,http://linked.data.gov.au/dataset/asgsed3/MB/90000723000,99399,Unincorp. Other Territories,90004,Norfolk Island,2899,2899
90000724000,Parkland,0,No change,90104100401,901041004,Norfolk Island,90104,Norfolk Island,901,Other Territories,9OTER,Other Territories,9,Other Territories,AUS,Australia,0.0024,http://linked.data.gov.au/dataset/asgsed3/MB/90000724000,99399,Unincorp. Other Territories,90004,Norfolk Island,2899,2899
90000725000,Parkland,0,No change,90104100401,901041004,Norfolk Island,90104,Norfolk Island,901,Other Territories,9OTER,Other Territories,9,Other Territories,AUS,Australia,0.0023,http://linked.data.gov.au/dataset/asgsed3/MB/90000725000,99399,Unincorp. Other Territories,90004,Norfolk Island,2899,2899
90000726000,Parkland,0,No change,90104100406,901041004,Norfolk Island,90104,Norfolk Island,901,Other Territories,9OTER,Other Territories,9,Other Territories,AUS,Australia,0.0019,http://linked.data.gov.au/dataset/asgsed3/MB/90000726000,99399,Unincorp. Other Territories,90004,Norfolk Island,2899,2899
90000727000,Parkland,0,No change,90104100404,901041004,Norfolk Island,90104,Norfolk Island,901,Other Territories,9OTER,Other Territories,9,Other Territories,AUS,Australia,0.0017,http://linked.data.gov.au/dataset/asgsed3/MB/90000727000,99399,Unincorp. Other Territories,90004,Norfolk Island,2899,2899
90000728000,Parkland,0,No change,90104100408,901041004,Norfolk Island,90104,Norfolk Island,901,Other Territories,9OTER,Other Territories,9,Other Territories,AUS,Australia,0.0016,http://linked.data.gov.au/dataset/asgsed3/MB/90000728000,99399,Unincorp. Other Territories,90004,Norfolk Island,2899,2899
90000730000,Parkland,0,No change,90104100401,901041004,Norfolk Island,90104,Norfolk Island,901,Other Territories,9OTER,Other Territories,9,Other Territories,AUS,Australia,0.0013,http://linked.data.gov.au/dataset/asgsed3/MB/90000730000,99399,Unincorp. Other Territories,90004,Norfolk Island,2899,2899
90000731000,Parkland,0,No change,90104100407,901041004,Norfolk Island,90104,Norfolk Island,901,Other Territories,9OTER,Other Territories,9,Other Territories,AUS,Australia,0.0011,http://linked.data.gov.au/dataset/asgsed3/MB/90000731000,99399,Unincorp. Other Territories,90004,Norfolk Island,2899,2899
90000732000,Parkland,0,No change,90104100406,901041004,Norfolk Island,90104,Norfolk Island,901,Other Territories,9OTER,Other Territories,9,Other Territories,AUS,Australia,0.0011,http://linked.data.gov.au/dataset/asgsed3/MB/90000732000,99399,Unincorp. Other Territories,90004,Norfolk Island,2899,2899
90000733000,Parkland,0,No change,90104100401,901041004,Norfolk Island,90104,Norfolk Island,901,Other Territories,9OTER,Other Territories,9,Other Territories,AUS,Australia,0.001,http://linked.data.gov.au/dataset/asgsed3/MB/90000733000,99399,Unincorp. Other Territories,90004,Norfolk Island,2899,2899
97500000000,Parkland,1,New,90103100303,901031003,Jervis Bay,90103,Jervis Bay,901,Other Territories,9OTER,Other Territories,9,Other Territories,AUS,Australia,27.6524,http://linked.data.gov.au/dataset/asgsed3/MB/97500000000,99399,Unincorp. Other Territories,90003,Jervis Bay,2540,2540
97000001777,SHIPPING,0,No change,99797979993,997979799,Migratory - Offshore - Shipping (OT),99797,Migratory - Offshore - Shipping (OT),997,Migratory - Offshore - Shipping (OT),99799,Migratory - Offshore - Shipping (OT),9,Other Territories,AUS,Australia,,http://linked.data.gov.au/dataset/asgsed3/MB/97000001777,99799,Migratory - Offshore - Shipping (OT),99797,Migratory - Offshore - Shipping (OT),9797,Migratory - Offshore - Shipping (Aust.)
97000002777,SHIPPING,0,No change,99797979993,997979799,Migratory - Offshore - Shipping (OT),99797,Migratory - Offshore - Shipping (OT),997,Migratory - Offshore - Shipping (OT),99799,Migratory - Offshore - Shipping (OT),9,Other Territories,AUS,Australia,,http://linked.data.gov.au/dataset/asgsed3/MB/97000002777,99799,Migratory - Offshore - Shipping (OT),99797,Migratory - Offshore - Shipping (OT),9797,Migratory - Offshore - Shipping (Aust.)
97000003777,SHIPPING,0,No change,99797979993,997979799,Migratory - Offshore - Shipping (OT),99797,Migratory - Offshore - Shipping (OT),997,Migratory - Offshore - Shipping (OT),99799,Migratory - Offshore - Shipping (OT),9,Other Territories,AUS,Australia,,http://linked.data.gov.au/dataset/asgsed3/MB/97000003777,99799,Migratory - Offshore - Shipping (OT),99797,Migratory - Offshore - Shipping (OT),9797,Migratory - Offshore - Shipping (Aust.)
90000009499,NOUSUALRESIDENCE,0,No change,99999949999,999999499,No usual address (OT),99999,No usual address (OT),999,No usual address (OT),99499,No usual address (OT),9,Other Territories,AUS,Australia,,http://linked.data.gov.au/dataset/asgsed3/MB/90000009499,99499,No usual address (OT),99494,No usual address (OT),9494,No usual address (Aust.)
